1, 1, 1, 1, 1, 1, 1, 1, 1, 1, 1, 1, 1, 1, 1, 1, 1, 1, 1, 1, 1, , , , , , , , , , , , , , , , , , , , , , , , , , , , , , , , , , , , , , , , , , , , , , , , , , , , , , , , , , , , , , , , , , , , , , , , , , , , , , , , 
-4.832034000,-4.958959000,-5.116262000,-5.281239000,-5.410290000,-5.456059000,-5.386805000,-5.198040000,-4.912127000,-4.569072000,-4.215012000,-3.892205000,-3.631891000,-3.449317000,-3.341559000,-3.289801000,-3.266912000,-3.248284000,-3.220100000,-3.180742000,-3.135703000,-3.090840000,-3.048508000,-3.007838000,-2.968487000,-2.933570000,-2.908023000,-2.893144000,-2.883028000,-2.867733000,-2.840751000,-2.804251000,-2.767586000,-2.740935000,-2.729079000,-2.729772000,-2.737145000,-2.746770000,-2.758901000,-2.777673000,-2.808014000,-2.852150000,-2.908269000,-2.971601000,-3.037198000,-3.103080000,-3.172524000,-3.255621000,-3.369129000,-3.533199000,-3.764739000,-4.070795000,-4.445041000,-4.868937000,-5.315710000,-5.756152000,-6.165250000,-6.527842000,-6.842073000,-7.118752000,-7.375675000,-7.626607000,-7.870049000,-8.085852000,-8.242648000,-8.310854000,-8.273516000,-8.130167000,-7.894576000,-7.589855000,-7.244643000,-6.889764000,-6.553401000,-6.256002000,-6.007126000,-5.807196000,-5.651724000,-5.535529000,-5.454521000,-5.404438000,-5.378310000,-5.365899000,-5.356210000,-5.341889000,-5.321313000,-5.297508000,-5.274418000,-5.251875000,-5.221267000,-5.166218000,-5.072516000,-4.941837000,-4.796675000,-4.668741000,-4.579197000,-4.527103000,-4.494331000,-4.461059000,-4.420189000,-4.382422000,-4.370198000
-4.370198000,-4.403995000,-4.490924000,-4.620653000,-4.766884000,-4.894823000,-4.970412000,-4.968678000,-4.879477000,-4.709905000,-4.482491000,-4.229504000,-3.984395000,-3.773346000,-3.609954000,-3.494827000,-3.419057000,-3.369609000,-3.333511000,-3.300582000,-3.264731000,-3.223737000,-3.178118000,-3.129519000,-3.079872000,-3.031455000,-2.987249000,-2.950635000,-2.924731000,-2.912207000,-2.915561000,-2.937495000,-2.980720000,-3.046909000,-3.135155000,-3.240300000,-3.352211000,-3.456910000,-3.539982000,-3.591180000,-3.608216000,-3.598020000,-3.574134000,-3.552232000,-3.545429000,-3.561908000,-3.605237000,-3.676288000,-3.775731000,-3.904928000,-4.065122000,-4.255116000,-4.469231000,-4.696683000,-4.923407000,-5.136765000,-5.333043000,-5.523798000,-5.734870000,-5.995918000,-6.323115000,-6.704895000,-7.101467000,-7.459225000,-7.730346000,-7.886355000,-7.920898000,-7.844457000,-7.679024000,-7.452247000,-7.193294000,-6.928803000,-6.680871000,-6.467638000,-6.304446000,-6.203213000,-6.169872000,-6.200647000,-6.282074000,-6.395314000,-6.521907000,-6.647472000,-6.762629000,-6.860549000,-6.932510000,-6.962810000,-6.925662000,-6.787338000,-6.516554000,-6.102046000,-5.569898000,-4.988237000,-4.449936000,-4.039012000,-3.799711000,-3.726030000,-3.774239000,-3.887998000,-4.021914000,-4.154327000,-4.286043000
-4.286043000,-4.426581000,-4.582305000,-4.742554000,-4.880312000,-4.960754000,-4.954128000,-4.846725000,-4.644237000,-4.367339000,-4.043585000,-3.701501000,-3.368033000,-3.067194000,-2.817521000,-2.628658000,-2.499978000,-2.422333000,-2.381951000,-2.364007000,-2.354862000,-2.344227000,-2.327524000,-2.307046000,-2.290029000,-2.284033000,-2.292341000,-2.313088000,-2.342089000,-2.376704000,-2.417910000,-2.469127000,-2.533253000,-2.610324000,-2.696627000,-2.785633000,-2.869001000,-2.937686000,-2.983539000,-3.001921000,-2.994462000,-2.969812000,-2.941501000,-2.923999000,-2.929173000,-2.964855000,-3.035850000,-3.146267000,-3.301777000,-3.510736000,-3.782012000,-4.120281000,-4.520639000,-4.966099000,-5.429519000,-5.879312000,-6.287452000,-6.636845000,-6.927084000,-7.172616000,-7.392803000,-7.597002000,-7.776808000,-7.909958000,-7.974723000,-7.962880000,-7.882738000,-7.751811000,-7.586220000,-7.393663000,-7.173975000,-6.924993000,-6.651120000,-6.365699000,-6.086224000,-5.828712000,-5.602743000,-5.411191000,-5.252292000,-5.119799000,-5.008035000,-4.915946000,-4.851792000,-4.829180000,-4.857203000,-4.932501000,-5.037570000,-5.145833000,-5.225941000,-5.245439000,-5.178268000,-5.017808000,-4.786102000,-4.526961000,-4.286050000,-4.093219000,-3.958697000,-3.880913000,-3.855557000,-3.879969000,-3.951064000
-4.809472000,-4.934093000,-5.135730000,-5.392453000,-5.663102000,-5.897057000,-6.046576000,-6.078181000,-5.978836000,-5.756219000,-5.434799000,-5.050082000,-4.641872000,-4.246873000,-3.891911000,-3.589812000,-3.340553000,-3.136984000,-2.971675000,-2.840581000,-2.742086000,-2.673318000,-2.628067000,-2.598037000,-2.576330000,-2.560032000,-2.549692000,-2.546340000,-2.548772000,-2.553272000,-2.555969000,-2.555488000,-2.553947000,-2.555360000,-2.563060000,-2.577805000,-2.597944000,-2.621145000,-2.646409000,-2.675169000,-2.710429000,-2.754640000,-2.807662000,-2.866255000,-2.925760000,-2.982964000,-3.038920000,-3.100909000,-3.183101000,-3.304408000,-3.483195000,-3.730492000,-4.045571000,-4.415858000,-4.820629000,-5.236005000,-5.639108000,-6.012395000,-6.347873000,-6.649856000,-6.933262000,-7.216039000,-7.508681000,-7.806052000,-8.086095000,-8.315432000,-8.459853000,-8.495131000,-8.414406000,-8.228168000,-7.958995000,-7.635582000,-7.288712000,-6.947946000,-6.637127000,-6.370811000,-6.152986000,-5.981061000,-5.849359000,-5.751390000,-5.678730000,-5.619797000,-5.560734000,-5.489245000,-5.399450000,-5.293532000,-5.179642000,-5.066868000,-4.960572000,-4.860468000,-4.764331000,-4.674948000,-4.603113000,-4.561082000,-4.550267000,-4.556202000,-4.557466000,-4.540977000,-4.510761000,-4.485819000,-4.491136000
-4.491136000,-4.544468000,-4.653608000,-4.813072000,-5.002389000,-5.188379000,-5.330543000,-5.389505000,-5.337128000,-5.164891000,-4.887334000,-4.538649000,-4.163507000,-3.805548000,-3.497798000,-3.257950000,-3.088943000,-2.983076000,-2.927236000,-2.907209000,-2.910176000,-2.925301000,-2.943494000,-2.957454000,-2.962426000,-2.956798000,-2.942162000,-2.922805000,-2.904320000,-2.892591000,-2.892808000,-2.908931000,-2.942712000,-2.992751000,-3.053467000,-3.115153000,-3.165995000,-3.195269000,-3.196567000,-3.169701000,-3.120412000,-3.058942000,-2.997941000,-2.950579000,-2.928667000,-2.941798000,-2.996982000,-3.099290000,-3.252068000,-3.456256000,-3.708504000,-3.999984000,-4.316671000,-4.642205000,-4.963200000,-5.273545000,-5.577188000,-5.886248000,-6.215003000,-6.570447000,-6.944455000,-7.312835000,-7.644114000,-7.912756000,-8.106482000,-8.223878000,-8.267056000,-8.236375000,-8.131159000,-7.954132000,-7.715660000,-7.434747000,-7.135755000,-6.842902000,-6.574998000,-6.342526000,-6.146867000,-5.982897000,-5.842626000,-5.719551000,-5.611547000,-5.519820000,-5.446056000,-5.389029000,-5.344568000,-5.307244000,-5.273049000,-5.238329000,-5.195563000,-5.130495000,-5.026529000,-4.876573000,-4.692055000,-4.499979000,-4.328601000,-4.194023000,-4.097859000,-4.035139000,-4.003437000,-4.006399000,-4.051256000
-4.051256000,-4.143289000,-4.282320000,-4.459489000,-4.655532000,-4.840306000,-4.974878000,-5.018375000,-4.938822000,-4.723926000,-4.386704000,-3.963969000,-3.507534000,-3.072071000,-2.702903000,-2.427561000,-2.252659000,-2.165915000,-2.141970000,-2.149934000,-2.160697000,-2.153186000,-2.117976000,-2.058100000,-1.986490000,-1.920500000,-1.876257000,-1.863883000,-1.885980000,-1.938824000,-2.014678000,-2.104857000,-2.201535000,-2.298859000,-2.393501000,-2.483924000,-2.569894000,-2.651195000,-2.726931000,-2.795365000,-2.855074000,-2.906340000,-2.951958000,-2.996866000,-3.046921000,-3.107864000,-3.185575000,-3.287194000,-3.422062000,-3.600662000,-3.831835000,-4.118712000,-4.456352000,-4.832313000,-5.229492000,-5.630304000,-6.021216000,-6.394097000,-6.746224000,-7.074784000,-7.371363000,-7.619005000,-7.796081000,-7.886018000,-7.884159000,-7.799263000,-7.648454000,-7.451363000,-7.224696000,-6.980978000,-6.728747000,-6.472186000,-6.213690000,-5.956872000,-5.707558000,-5.472051000,-5.253332000,-5.048141000,-4.845824000,-4.633618000,-4.405253000,-4.166365000,-3.936447000,-3.741915000,-3.608497000,-3.552723000,-3.578567000,-3.676923000,-3.825781000,-3.991530000,-4.136063000,-4.229531000,-4.261400000,-4.241482000,-4.189558000,-4.124013000,-4.057349000,-3.998748000,-3.957713000,-3.945091000,-3.970347000
-5.432746000,-5.588588000,-5.753881000,-5.908516000,-6.017182000,-6.039688000,-5.945325000,-5.723790000,-5.388263000,-4.971296000,-4.516426000,-4.069051000,-3.668039000,-3.339506000,-3.093364000,-2.924162000,-2.815823000,-2.748994000,-2.707351000,-2.680679000,-2.664323000,-2.657346000,-2.661130000,-2.678316000,-2.710871000,-2.757370000,-2.811140000,-2.861214000,-2.896571000,-2.911242000,-2.907356000,-2.894062000,-2.882728000,-2.881088000,-2.889554000,-2.901613000,-2.908220000,-2.903426000,-2.888196000,-2.869931000,-2.858689000,-2.862088000,-2.881857000,-2.913864000,-2.951576000,-2.991602000,-3.038656000,-3.107432000,-3.219640000,-3.397131000,-3.653655000,-3.988177000,-4.382996000,-4.806983000,-5.223416000,-5.599254000,-5.912518000,-6.156254000,-6.339330000,-6.484407000,-6.621422000,-6.776144000,-6.957716000,-7.152905000,-7.331914000,-7.461981000,-7.520592000,-7.501970000,-7.414444000,-7.273168000,-7.094429000,-6.894936000,-6.693666000,-6.510551000,-6.361488000,-6.252649000,-6.180012000,-6.134573000,-6.108885000,-6.100213000,-6.107268000,-6.125322000,-6.144979000,-6.156539000,-6.154370000,-6.136166000,-6.095921000,-6.017135000,-5.873449000,-5.640704000,-5.316398000,-4.934999000,-4.564466000,-4.279511000,-4.126048000,-4.100367000,-4.156697000,-4.235818000,-4.296085000,-4.330344000,-4.362255000
-4.362255000,-4.425529000,-4.542965000,-4.713004000,-4.909566000,-5.090309000,-5.207756000,-5.220757000,-5.105176000,-4.861687000,-4.517760000,-4.121552000,-3.729228000,-3.389497000,-3.132307000,-2.965758000,-2.881183000,-2.861735000,-2.888995000,-2.945736000,-3.016717000,-3.089326000,-3.154390000,-3.206297000,-3.242224000,-3.261130000,-3.262723000,-3.246955000,-3.214287000,-3.167139000,-3.111097000,-3.054776000,-3.007559000,-2.976759000,-2.965184000,-2.970546000,-2.986136000,-3.003149000,-3.013588000,-3.013460000,-3.004388000,-2.993214000,-2.989244000,-3.000419000,-3.030667000,-3.080323000,-3.149390000,-3.241421000,-3.364840000,-3.529824000,-3.742822000,-4.001767000,-4.295866000,-4.609457000,-4.927537000,-5.239962000,-5.543129000,-5.840559000,-6.142859000,-6.465110000,-6.818397000,-7.198089000,-7.578002000,-7.918537000,-8.183277000,-8.350875000,-8.415922000,-8.383052000,-8.261241000,-8.063319000,-7.806250000,-7.510931000,-7.199641000,-6.892331000,-6.603951000,-6.343972000,-6.117526000,-5.926790000,-5.771426000,-5.648500000,-5.552278000,-5.475445000,-5.409739000,-5.346757000,-5.278165000,-5.196236000,-5.095091000,-4.970812000,-4.821167000,-4.645735000,-4.449388000,-4.247374000,-4.065166000,-3.928699000,-3.851339000,-3.828897000,-3.846368000,-3.888494000,-3.945357000,-4.011574000,-4.082804000
-4.082804000,-4.154429000,-4.218392000,-4.268419000,-4.299570000,-4.305180000,-4.272364000,-4.182157000,-4.016288000,-3.767541000,-3.447364000,-3.086590000,-2.728607000,-2.417890000,-2.188535000,-2.057068000,-2.020708000,-2.060967000,-2.149827000,-2.256547000,-2.353681000,-2.422327000,-2.455756000,-2.460099000,-2.449917000,-2.440122000,-2.438687000,-2.444532000,-2.451495000,-2.454627000,-2.454791000,-2.458934000,-2.476586000,-2.515250000,-2.576927000,-2.657581000,-2.748876000,-2.840773000,-2.923898000,-2.991569000,-3.041349000,-3.075712000,-3.100936000,-3.124504000,-3.152441000,-3.188716000,-3.237368000,-3.305762000,-3.406398000,-3.554502000,-3.762006000,-4.031335000,-4.352689000,-4.706350000,-5.067645000,-5.412512000,-5.721856000,-5.986770000,-6.211294000,-6.409832000,-6.594937000,-6.762829000,-6.892776000,-6.960150000,-6.954634000,-6.885693000,-6.774330000,-6.642339000,-6.504415000,-6.369740000,-6.242240000,-6.123610000,-6.015135000,-5.919480000,-5.841069000,-5.783442000,-5.743867000,-5.708863000,-5.657691000,-5.575203000,-5.466221000,-5.359306000,-5.293013000,-5.293880000,-5.361044000,-5.467932000,-5.574704000,-5.640491000,-5.630939000,-5.523401000,-5.316771000,-5.039616000,-4.746194000,-4.495973000,-4.328883000,-4.252433000,-4.246182000,-4.277774000,-4.320007000,-4.361285000,-4.406198000
-3.980965000,-4.057133000,-4.182545000,-4.335434000,-4.484432000,-4.594781000,-4.635649000,-4.586320000,-4.440337000,-4.206491000,-3.906116000,-3.568247000,-3.223766000,-2.899867000,-2.616588000,-2.385625000,-2.210025000,-2.085900000,-2.004077000,-1.952956000,-1.921294000,-1.901065000,-1.888692000,-1.884818000,-1.892043000,-1.912409000,-1.945654000,-1.989384000,-2.040374000,-2.096129000,-2.155460000,-2.217695000,-2.281099000,-2.342128000,-2.395953000,-2.438035000,-2.465741000,-2.479740000,-2.484310000,-2.486165000,-2.493269000,-2.512826000,-2.549864000,-2.607035000,-2.685388000,-2.785910000,-2.910356000,-3.062057000,-3.246413000,-3.470522000,-3.742541000,-4.069174000,-4.452291000,-4.885397000,-5.352134000,-5.828219000,-6.286936000,-6.705912000,-7.072709000,-7.385373000,-7.647224000,-7.859458000,-8.017602000,-8.114155000,-8.144532000,-8.111943000,-8.026900000,-7.903640000,-7.756098000,-7.594888000,-7.425513000,-7.247342000,-7.054112000,-6.837548000,-6.592269000,-6.319901000,-6.029200000,-5.732867000,-5.443133000,-5.170234000,-4.922740000,-4.709049000,-4.536426000,-4.408058000,-4.321275000,-4.270161000,-4.250811000,-4.263298000,-4.306635000,-4.370407000,-4.433256000,-4.473151000,-4.481577000,-4.468535000,-4.452847000,-4.448061000,-4.455431000,-4.469751000,-4.489513000,-4.523380000,-4.587967000
-4.587967000,-4.699717000,-4.862638000,-5.062245000,-5.265129000,-5.426692000,-5.502891000,-5.461552000,-5.289834000,-4.996775000,-4.610728000,-4.173512000,-3.731929000,-3.328400000,-2.993093000,-2.739272000,-2.563311000,-2.449038000,-2.374614000,-2.320034000,-2.272426000,-2.228762000,-2.194387000,-2.179915000,-2.196499000,-2.251227000,-2.343091000,-2.461135000,-2.585774000,-2.694159000,-2.768718000,-2.803872000,-2.807673000,-2.797148000,-2.790240000,-2.799062000,-2.828139000,-2.876335000,-2.939864000,-3.014245000,-3.094182000,-3.173856000,-3.248075000,-3.313864000,-3.372557000,-3.431140000,-3.502558000,-3.604758000,-3.757539000,-3.977137000,-4.270519000,-4.631497000,-5.041234000,-5.472762000,-5.898004000,-6.294436000,-6.649505000,-6.961743000,-7.238040000,-7.486988000,-7.710000000,-7.896518000,-8.027230000,-8.085234000,-8.067577000,-7.988500000,-7.872400000,-7.740668000,-7.602954000,-7.458008000,-7.302017000,-7.136365000,-6.967700000,-6.803420000,-6.644614000,-6.484707000,-6.311171000,-6.112002000,-5.881423000,-5.624603000,-5.358219000,-5.105817000,-4.889570000,-4.721400000,-4.599130000,-4.509517000,-4.437072000,-4.371688000,-4.310655000,-4.255244000,-4.207399000,-4.171169000,-4.154148000,-4.163077000,-4.194969000,-4.233537000,-4.257211000,-4.254337000,-4.232537000,-4.215410000,-4.229446000
-4.229446000,-4.291263000,-4.398350000,-4.530661000,-4.657217000,-4.744853000,-4.765749000,-4.702282000,-4.550471000,-4.320699000,-4.036224000,-3.728749000,-3.431974000,-3.174701000,-2.975128000,-2.837839000,-2.754367000,-2.706521000,-2.671956000,-2.630484000,-2.569092000,-2.484617000,-2.383010000,-2.276439000,-2.179271000,-2.104929000,-2.063588000,-2.060748000,-2.095941000,-2.162580000,-2.249691000,-2.345126000,-2.439042000,-2.525275000,-2.600821000,-2.664147000,-2.714524000,-2.752684000,-2.781300000,-2.804663000,-2.827598000,-2.854333000,-2.887259000,-2.927047000,-2.973072000,-3.025597000,-3.088016000,-3.168720000,-3.279662000,-3.431868000,-3.629524000,-3.867007000,-4.130095000,-4.400568000,-4.662766000,-4.909007000,-5.143567000,-5.382790000,-5.650062000,-5.965075000,-6.331305000,-6.730527000,-7.126798000,-7.480026000,-7.756670000,-7.935923000,-8.008850000,-7.977797000,-7.855305000,-7.662780000,-7.426857000,-7.173008000,-6.921587000,-6.687003000,-6.478852000,-6.303185000,-6.161356000,-6.049462000,-5.956803000,-5.868922000,-5.771048000,-5.653291000,-5.512589000,-5.353143000,-5.184392000,-5.018605000,-4.869426000,-4.748883000,-4.662582000,-4.604724000,-4.560233000,-4.514613000,-4.464903000,-4.420097000,-4.390501000,-4.375788000,-4.363376000,-4.338304000,-4.295491000,-4.244934000,-4.207896000
-4.245287000,-4.336884000,-4.506818000,-4.739085000,-4.999667000,-5.242628000,-5.418710000,-5.485076000,-5.414324000,-5.200734000,-4.861758000,-4.434317000,-3.966857000,-3.509121000,-3.102795000,-2.774802000,-2.535262000,-2.379713000,-2.294052000,-2.260112000,-2.260198000,-2.279750000,-2.308471000,-2.340307000,-2.372699000,-2.405238000,-2.438137000,-2.471020000,-2.502979000,-2.533325000,-2.562943000,-2.594606000,-2.631819000,-2.676687000,-2.728094000,-2.781497000,-2.830276000,-2.867980000,-2.890326000,-2.896203000,-2.887407000,-2.867537000,-2.840764000,-2.811071000,-2.782516000,-2.760446000,-2.753343000,-2.774101000,-2.839398000,-2.966003000,-3.165559000,-3.439957000,-3.779688000,-4.166294000,-4.577293000,-4.991758000,-5.394043000,-5.774958000,-6.131256000,-6.464105000,-6.778087000,-7.079996000,-7.376843000,-7.670815000,-7.952637000,-8.198461000,-8.375636000,-8.456101000,-8.428613000,-8.301870000,-8.098348000,-7.844831000,-7.565223000,-7.277605000,-6.993658000,-6.720168000,-6.461103000,-6.219332000,-5.997599000,-5.797861000,-5.620004000,-5.460389000,-5.311934000,-5.166395000,-5.017908000,-4.866530000,-4.720169000,-4.592919000,-4.498964000,-4.444573000,-4.423189000,-4.419699000,-4.421331000,-4.425897000,-4.439225000,-4.465420000,-4.500896000,-4.537972000,-4.573802000,-4.615965000,-4.680286000
-4.680286000,-4.784606000,-4.932580000,-5.110115000,-5.284530000,-5.412161000,-5.449705000,-5.364864000,-5.143734000,-4.794145000,-4.344802000,-3.840841000,-3.335724000,-2.881041000,-2.516972000,-2.265886000,-2.130748000,-2.098414000,-2.145503000,-2.245174000,-2.371925000,-2.504347000,-2.625730000,-2.723661000,-2.789570000,-2.818539000,-2.809521000,-2.765901000,-2.696102000,-2.613739000,-2.536326000,-2.482186000,-2.465981000,-2.494491000,-2.564530000,-2.663988000,-2.775494000,-2.881227000,-2.967230000,-3.026024000,-3.057466000,-3.067474000,-3.065107000,-3.059411000,-3.057151000,-3.062433000,-3.078341000,-3.109223000,-3.162561000,-3.248783000,-3.378658000,-3.559397000,-3.791254000,-4.066592000,-4.372340000,-4.694317000,-5.021812000,-5.350708000,-5.683054000,-6.022272000,-6.366676000,-6.706354000,-7.026489000,-7.314741000,-7.564685000,-7.771745000,-7.928044000,-8.021347000,-8.039799000,-7.978351000,-7.842049000,-7.645679000,-7.410433000,-7.158470000,-6.908777000,-6.674936000,-6.465185000,-6.285713000,-6.142039000,-6.038105000,-5.973652000,-5.941815000,-5.930553000,-5.926896000,-5.921094000,-5.907935000,-5.884600000,-5.845639000,-5.778168000,-5.660687000,-5.470386000,-5.198072000,-4.862094000,-4.507868000,-4.189682000,-3.947073000,-3.792501000,-3.716554000,-3.702317000,-3.737048000,-3.814228000
-3.814228000,-3.924268000,-4.056555000,-4.189747000,-4.295912000,-4.346741000,-4.319893000,-4.203638000,-3.999179000,-3.720810000,-3.393845000,-3.050400000,-2.723604000,-2.441532000,-2.222535000,-2.072873000,-1.987312000,-1.952096000,-1.949063000,-1.960486000,-1.973057000,-1.980534000,-1.984542000,-1.992838000,-2.015287000,-2.059158000,-2.124959000,-2.205755000,-2.289912000,-2.365986000,-2.427150000,-2.473048000,-2.508352000,-2.539789000,-2.572901000,-2.610455000,-2.652327000,-2.696567000,-2.740870000,-2.783714000,-2.824874000,-2.865166000,-2.905551000,-2.945845000,-2.984477000,-3.019497000,-3.051474000,-3.086698000,-3.137896000,-3.222056000,-3.354491000,-3.543347000,-3.787098000,-4.075431000,-4.393439000,-4.726769000,-5.065415000,-5.406369000,-5.754053000,-6.116078000,-6.494871000,-6.878548000,-7.237688000,-7.533146000,-7.732925000,-7.826089000,-7.823422000,-7.748723000,-7.626441000,-7.474492000,-7.304820000,-7.126888000,-6.949034000,-6.777834000,-6.616132000,-6.461944000,-6.309274000,-6.150172000,-5.978067000,-5.789525000,-5.586926000,-5.380141000,-5.185733000,-5.022942000,-4.907040000,-4.844854000,-4.833769000,-4.863174000,-4.916907000,-4.974455000,-5.012102000,-5.008418000,-4.953421000,-4.855006000,-4.736351000,-4.625122000,-4.542953000,-4.500813000,-4.500268000,-4.536780000,-4.602122000
-4.534726000,-4.610538000,-4.700729000,-4.808363000,-4.923135000,-5.019159000,-5.063936000,-5.032298000,-4.914064000,-4.713130000,-4.443128000,-4.125186000,-3.787290000,-3.460514000,-3.171627000,-2.935843000,-2.755688000,-2.625088000,-2.533829000,-2.469253000,-2.417094000,-2.365602000,-2.311639000,-2.262724000,-2.231132000,-2.224577000,-2.241153000,-2.272652000,-2.310992000,-2.353073000,-2.400711000,-2.457415000,-2.523696000,-2.593165000,-2.653143000,-2.690301000,-2.699591000,-2.689698000,-2.680523000,-2.692398000,-2.735267000,-2.805157000,-2.890939000,-2.983405000,-3.080189000,-3.183501000,-3.295890000,-3.417755000,-3.548388000,-3.688078000,-3.840062000,-4.011647000,-4.213674000,-4.456479000,-4.744194000,-5.071308000,-5.425023000,-5.791861000,-6.164644000,-6.544769000,-6.935756000,-7.331728000,-7.708439000,-8.026443000,-8.246892000,-8.348828000,-8.334599000,-8.224522000,-8.046988000,-7.830534000,-7.597936000,-7.361362000,-7.121968000,-6.874503000,-6.615993000,-6.351054000,-6.091580000,-5.851977000,-5.643518000,-5.470480000,-5.330337000,-5.217999000,-5.130920000,-5.070079000,-5.036469000,-5.025590000,-5.027018000,-5.028511000,-5.021046000,-5.000400000,-4.965633000,-4.917819000,-4.861587000,-4.806336000,-4.762943000,-4.736525000,-4.721440000,-4.703910000,-4.671981000,-4.626701000,-4.585895000
-4.585895000,-4.577062000,-4.620613000,-4.715703000,-4.835767000,-4.939059000,-4.987503000,-4.960526000,-4.856550000,-4.685511000,-4.460837000,-4.197566000,-3.913913000,-3.631466000,-3.371397000,-3.148301000,-2.966405000,-2.821013000,-2.703847000,-2.608356000,-2.532270000,-2.476971000,-2.445204000,-2.439477000,-2.460924000,-2.508369000,-2.577374000,-2.659984000,-2.746079000,-2.827022000,-2.899454000,-2.966998000,-3.037611000,-3.117935000,-3.207672000,-3.297728000,-3.373903000,-3.425092000,-3.450706000,-3.461603000,-3.472773000,-3.492292000,-3.516572000,-3.535858000,-3.545552000,-3.553101000,-3.576195000,-3.633932000,-3.739393000,-3.897747000,-4.108032000,-4.366369000,-4.666061000,-4.995226000,-5.333994000,-5.656717000,-5.941081000,-6.181036000,-6.392774000,-6.607753000,-6.855624000,-7.146418000,-7.462254000,-7.761392000,-7.992018000,-8.111534000,-8.102251000,-7.976379000,-7.768738000,-7.523866000,-7.283428000,-7.079498000,-6.931205000,-6.841964000,-6.798634000,-6.774179000,-6.736623000,-6.662117000,-6.546018000,-6.405107000,-6.269630000,-6.167826000,-6.112031000,-6.093169000,-6.085296000,-6.057330000,-5.984612000,-5.854817000,-5.667174000,-5.428968000,-5.155001000,-4.869431000,-4.605139000,-4.396207000,-4.266362000,-4.220417000,-4.243961000,-4.311346000,-4.395967000,-4.478300000,-4.549635000
-4.549635000,-4.610842000,-4.667075000,-4.717710000,-4.750206000,-4.742348000,-4.672180000,-4.529360000,-4.319296000,-4.060104000,-3.776812000,-3.496786000,-3.246732000,-3.048341000,-2.913007000,-2.838479000,-2.810072000,-2.806448000,-2.807220000,-2.799258000,-2.778632000,-2.749224000,-2.718070000,-2.691889000,-2.674314000,-2.666601000,-2.669539000,-2.684514000,-2.712616000,-2.751634000,-2.795116000,-2.834472000,-2.862743000,-2.877360000,-2.880714000,-2.877904000,-2.874007000,-2.872119000,-2.873667000,-2.880102000,-2.893880000,-2.917352000,-2.950975000,-2.993732000,-3.044517000,-3.103771000,-3.173439000,-3.257039000,-3.360404000,-3.493356000,-3.668763000,-3.898247000,-4.186909000,-4.529963000,-4.911678000,-5.308509000,-5.695417000,-6.055510000,-6.385458000,-6.693475000,-6.988369000,-7.269742000,-7.525724000,-7.738497000,-7.890890000,-7.971562000,-7.976627000,-7.912643000,-7.794805000,-7.641790000,-7.467409000,-7.275645000,-7.062884000,-6.827808000,-6.579945000,-6.338645000,-6.124465000,-5.946896000,-5.799903000,-5.665469000,-5.527712000,-5.382756000,-5.240293000,-5.114153000,-5.015056000,-4.948625000,-4.920274000,-4.934390000,-4.986830000,-5.055698000,-5.102004000,-5.083934000,-4.975800000,-4.779071000,-4.518195000,-4.227571000,-3.939436000,-3.680194000,-3.471572000,-3.331410000,-3.270678000
-4.131464000,-4.171956000,-4.232187000,-4.290948000,-4.324153000,-4.312385000,-4.246105000,-4.126577000,-3.962689000,-3.765793000,-3.545811000,-3.310272000,-3.066035000,-2.821533000,-2.587235000,-2.374337000,-2.192598000,-2.048734000,-1.945689000,-1.882600000,-1.855058000,-1.856068000,-1.877547000,-1.912097000,-1.954222000,-2.000875000,-2.050909000,-2.104153000,-2.160549000,-2.219890000,-2.281919000,-2.346301000,-2.412338000,-2.478379000,-2.541832000,-2.599729000,-2.649855000,-2.691713000,-2.726748000,-2.758069000,-2.789712000,-2.826476000,-2.873604000,-2.936853000,-3.022181000,-3.135591000,-3.282573000,-3.467579000,-3.693365000,-3.960822000,-4.268905000,-4.614419000,-4.991229000,-5.389094000,-5.793236000,-6.185808000,-6.548644000,-6.867281000,-7.134053000,-7.349726000,-7.521953000,-7.661670000,-7.777775000,-7.873317000,-7.943311000,-7.976104000,-7.957227000,-7.874603000,-7.723074000,-7.507357000,-7.241358000,-6.944880000,-6.638548000,-6.339350000,-6.058310000,-5.800671000,-5.567520000,-5.357986000,-5.170416000,-5.002996000,-4.853893000,-4.721498000,-4.605374000,-4.506872000,-4.429201000,-4.376248000,-4.350609000,-4.351008000,-4.370657000,-4.397698000,-4.419705000,-4.430582000,-4.434534000,-4.442564000,-4.463247000,-4.496220000,-4.533698000,-4.567650000,-4.595635000,-4.621156000,-4.649999000
-4.649999000,-4.685485000,-4.727119000,-4.768202000,-4.796731000,-4.797898000,-4.758134000,-4.669442000,-4.531223000,-4.349759000,-4.135643000,-3.901271000,-3.659110000,-3.420901000,-3.197466000,-2.998468000,-2.831698000,-2.702473000,-2.612788000,-2.561051000,-2.541957000,-2.547071000,-2.565961000,-2.588091000,-2.605186000,-2.613064000,-2.612252000,-2.606788000,-2.602524000,-2.605382000,-2.620384000,-2.651056000,-2.698931000,-2.763179000,-2.840483000,-2.925369000,-3.011367000,-3.092684000,-3.165719000,-3.229882000,-3.287379000,-3.342600000,-3.400862000,-3.467804000,-3.548706000,-3.648656000,-3.772707000,-3.926098000,-4.113802000,-4.339585000,-4.604902000,-4.908187000,-5.244266000,-5.604321000,-5.976208000,-6.346303000,-6.701672000,-7.033113000,-7.335977000,-7.609139000,-7.852178000,-8.062632000,-8.235701000,-8.365242000,-8.445556000,-8.471991000,-8.440162000,-8.346560000,-8.189672000,-7.972769000,-7.705227000,-7.402506000,-7.083194000,-6.765422000,-6.463629000,-6.185731000,-5.933085000,-5.701385000,-5.483595000,-5.274094000,-5.071320000,-4.879273000,-4.705916000,-4.559453000,-4.444863000,-4.361779000,-4.304862000,-4.264840000,-4.229824000,-4.186562000,-4.123853000,-4.037767000,-3.934493000,-3.827019000,-3.726963000,-3.638984000,-3.562195000,-3.496161000,-3.444952000,-3.416237000,-3.416634000
-3.416634000,-3.448077000,-3.503795000,-3.569218000,-3.625202000,-3.652808000,-3.637832000,-3.573474000,-3.460294000,-3.303893000,-3.112609000,-2.896486000,-2.668043000,-2.442406000,-2.235691000,-2.061492000,-1.927397000,-1.833624000,-1.773988000,-1.738799000,-1.717858000,-1.703092000,-1.689728000,-1.676538000,-1.665113000,-1.658668000,-1.660915000,-1.674967000,-1.702429000,-1.743195000,-1.795119000,-1.854773000,-1.918109000,-1.981486000,-2.042782000,-2.101945000,-2.161062000,-2.223402000,-2.291964000,-2.368123000,-2.451341000,-2.540166000,-2.633565000,-2.732280000,-2.839191000,-2.959150000,-3.098286000,-3.263599000,-3.461772000,-3.698939000,-3.979201000,-4.303495000,-4.667737000,-5.061236000,-5.466072000,-5.860159000,-6.222313000,-6.539565000,-6.811851000,-7.049840000,-7.267955000,-7.472536000,-7.656091000,-7.800167000,-7.884033000,-7.895085000,-7.833941000,-7.711604000,-7.545848000,-7.355074000,-7.154902000,-6.955896000,-6.763253000,-6.577210000,-6.395271000,-6.214406000,-6.032228000,-5.848612000,-5.665421000,-5.487633000,-5.322474000,-5.178448000,-5.062653000,-4.978971000,-4.926410000,-4.900007000,-4.890669000,-4.885196000,-4.865724000,-4.812168000,-4.709156000,-4.554156000,-4.360203000,-4.150274000,-3.947195000,-3.766644000,-3.616941000,-3.502473000,-3.426182000,-3.389670000,-3.391833000
